link,nome,preco,nquartos,nbanheiros,ngaragem,area,data_scraping
https://sc.olx.com.br/florianopolis-e-regiao/imoveis/casas-no-campo-duna-1422042188,CASAS NO CAMPO DUNA,R$ 645.000,3,3,3,120m²,2025-09-05 19:42:48
https://sc.olx.com.br/florianopolis-e-regiao/imoveis/casas-a-partir-de-r-749-950-00-no-pedra-branca-1433881201,"Casas a partir de R$749.950,00 no Pedra Branca",R$ 745.950,2,3,2,90m²,2025-09-05 19:42:48
https://sc.olx.com.br/norte-de-santa-catarina/imoveis/duas-casas-em-um-terreno-1386349831,Duas casas em um terreno,R$ 450.000,375m²,,,,2025-09-05 19:42:48
https://sc.olx.com.br/florianopolis-e-regiao/imoveis/duas-casas-a-venda-em-um-terreno-de-360-m2-bairro-alto-aririu-palhoca-sc-250-mil-1434336683,Duas casas a venda em um terreno de 360 m2 Bairro Alto Aririu Palhoça SC - 250 mil,R$ 250.000,4,2,2,120m²,2025-09-05 19:42:48
https://sc.olx.com.br/florianopolis-e-regiao/imoveis/casas-com-5-dormitorios-no-bairro-ipiranga-em-sao-jose-1434331985,Casas com 5 dormitórios no Bairro Ipiranga em São José,R$ 900.000,5+,4,3,180m²,2025-09-05 19:42:48
https://sc.olx.com.br/florianopolis-e-regiao/imoveis/duas-casas-4-apartamentos-a-venda-a-50-metros-da-praia-no-bairro-pantano-do-sul-flori-1434326155,"Duas casas + 4 apartamentos à venda, a 50 metros da praia, no bairro Pântano do Sul, Flori",R$ 1.950.000,5+,5+,5+,476m²,2025-09-05 19:42:48
https://sc.olx.com.br/florianopolis-e-regiao/imoveis/duas-casas-4-apartamentos-a-venda-a-50-metros-da-praia-no-bairro-pantano-do-sul-flori-1434324394,"Duas casas + 4 apartamentos à venda, a 50 metros da praia, no bairro Pântano do Sul, Flori",R$ 1.950.000,5+,5+,5+,476m²,2025-09-05 19:42:48
https://sc.olx.com.br/florianopolis-e-regiao/imoveis/alugo-casas-nova-palhoca-1434170954,Alugo casas Nova Palhoça,,5+,,5+,2,2025-09-05 19:42:48
https://sc.olx.com.br/florianopolis-e-regiao/imoveis/casa-para-vender-cachoeira-bom-jesus-sao-duas-casas-valores-separados-1434097054,Casa para vender cachoeira bom jesus(sao duas casas valores separados ),R$ 1.100.000,3,,2,1,2025-09-05 19:42:48
https://sc.olx.com.br/norte-de-santa-catarina/temporada/casas-para-temporada-em-itapoa-1434005348,Casas para temporada em Itapoá,R$ 250,2,,,2,2025-09-05 19:42:48
https://sc.olx.com.br/florianopolis-e-regiao/imoveis/alugo-casas-na-costeira-do-pirajubae-1433992541,Alugo casas na Costeira do Pirajubaé,,4,,2,2,2025-09-05 19:42:48
https://sc.olx.com.br/florianopolis-e-regiao/imoveis/casas-e-apartamentos-no-sul-da-ilha-1379940912,Casas e Apartamentos no Sul da ilha!,R$ 1.150.000,3,3,2,145m²,2025-09-05 19:42:48
https://sc.olx.com.br/florianopolis-e-regiao/imoveis/duas-casas-no-mesmo-terreno-1433696952,Duas casas no mesmo terreno,R$ 350.000,3,3,1,380m²,2025-09-05 19:42:48
https://sc.olx.com.br/florianopolis-e-regiao/imoveis/casas-no-campeche-com-piscina-1433643157,Casas no Campeche com piscina,R$ 1.500.000,4,4,4,120m²,2025-09-05 19:42:48
https://sc.olx.com.br/florianopolis-e-regiao/imoveis/casas-pre-fabricadas-1433548568,casas pré fabricadas,R$ 36.000,2,1,4,36m²,2025-09-05 19:42:48
https://sc.olx.com.br/florianopolis-e-regiao/imoveis/aluguel-de-casas-1374702297,Aluguel de casas,R$ 4.200,2,3,5+,150m²,2025-09-05 19:42:48
https://sc.olx.com.br/florianopolis-e-regiao/imoveis/casas-com-vista-panoramica-em-ponta-das-canas-1433394882,Casas com Vista Panorâmica em Ponta das Canas,R$ 25.000.000,4,4,5+,1960m²,2025-09-05 19:42:48
https://sc.olx.com.br/norte-de-santa-catarina/imoveis/vendo-duas-casas-em-rio-dos-cedros-450-mil-1433268724,Vendo duas casas em  rio dos cedros!! 450 mil,R$ 450.000,4,2,2,200m²,2025-09-05 19:42:48
https://sc.olx.com.br/florianopolis-e-regiao/imoveis/vendo-casa-4-quartos-com-ponto-comercial-140m-proximo-casas-da-agua-aririu-palhoca-1433224226,"Vendo Casa 4 quartos, com ponto comercial, 140m², próximo Casas da Água, Aririú - Palhoça",R$ 410.000,4,3,1,140m²,2025-09-05 19:42:48
https://sc.olx.com.br/norte-de-santa-catarina/imoveis/duas-casas-madeiras-rua-alois-peiker-padre-eduardo-taio-s-c-lado-posto-saude-fora-en-1432989633,"DUAS CASAS MADEIRAS, RUA ALOIS PEIKER, PADRE EDUARDO, TAIÓ, S.C, LADO POSTO SAUDE, FORA EN",R$ 210.000,4,2,1,360m²,2025-09-05 19:42:48
https://sc.olx.com.br/florianopolis-e-regiao/imoveis/casas-em-condominio-livin-jurere-home-square-florianopolis-ref-624-1433111806,"Casas em Condomínio - Livin Jurerê Home Square, Florianópolis REF: 624",R$ 2.540.000,3,4,3,279m²,2025-09-05 19:42:48
https://sc.olx.com.br/florianopolis-e-regiao/imoveis/casas-em-condominio-alameda-cacupe-florianopolis-ref-455-1433111759,"Casas em Condomínio - Alameda Cacupé, Florianópolis REF: 455",R$ 2.650.000,3,4,2,241m²,2025-09-05 19:42:48
https://sc.olx.com.br/florianopolis-e-regiao/imoveis/casas-vila-no-canto-da-lagoa-1378603560,CASAS VILA NO  CANTO DA LAGOA,R$ 3.000,2,1,1,70m²,2025-09-05 19:42:48
https://sc.olx.com.br/florianopolis-e-regiao/imoveis/casas-alvenaria-3-quartos-em-morro-da-fumaca-1147695832,Casas Alvenaria 3 quartos em Morro da Fumaca,R$ 398.000,3,3,2,100m²,2025-09-05 19:42:48
https://sc.olx.com.br/florianopolis-e-regiao/imoveis/casas-padrao-tres-marias-1432764674,Casas Padrão - Três Marias,R$ 577.000,2,1,1,79m²,2025-09-05 19:42:48
https://sc.olx.com.br/norte-de-santa-catarina/imoveis/duas-casas-alvenaria-rua-gaspar-lima-bairro-padre-eduardo-taio-s-c-totalmente-fora-de-1432742661,"DUAS CASAS ALVENARIA, RUA GASPAR LIMA, BAIRRO PADRE EDUARDO, TAIÓ, S.C. TOTALMENTE FORA DE",R$ 400.000,5+,2,1,588m²,2025-09-05 19:42:48
https://sc.olx.com.br/florianopolis-e-regiao/imoveis/casas-a-venda-na-praia-de-itapiruba-imbituba-sc-1429400888,Casas á venda na praia de Itapirubá- Imbituba - Sc,R$ 450.000,1,,1,4,2025-09-05 19:42:48
https://sc.olx.com.br/florianopolis-e-regiao/imoveis/vendo-duas-casas-escrituradas-no-mesmo-lote-1432580165,Vendo duas casas escrituradas no mesmo lote,R$ 590.000,3,1,1,480m²,2025-09-05 19:42:48
https://sc.olx.com.br/norte-de-santa-catarina/imoveis/casas-com-80-00m-em-barra-velha-sc-1432530541,"Casas com 80,00m² em Barra Velha/SC",R$ 689.000,2,,1,80m²,2025-09-05 19:42:48
https://sc.olx.com.br/norte-de-santa-catarina/imoveis/casas-geminadas-2-quartos-1-suite-53-m-itacolomi-balneario-picarras-sc-1432530259,Casas geminadas 2 quartos (1 suíte) 53 m² - Itacolomi - Balneário Piçarras/SC,R$ 389.000,2,1,1,53m²,2025-09-05 19:42:48
https://sc.olx.com.br/florianopolis-e-regiao/imoveis/duas-casas-com-amplo-terreno-no-village-na-lagoa-da-conceicao-1432486476,"Duas casas com amplo terreno no Village , na Lagoa da Conceição",R$ 2.400.000,3,3,2,310m²,2025-09-05 19:42:48
https://sc.olx.com.br/florianopolis-e-regiao/imoveis/casas-em-capoeiras-1432384461,Casas em Capoeiras!,R$ 950.000,5+,5+,2,280m²,2025-09-05 19:42:48
https://sc.olx.com.br/florianopolis-e-regiao/imoveis/duas-casas-no-mesmo-patio-r-500-000-00-1432216738,"Duas casas no mesmo pátio! R$ 500.000,00",R$ 500.000,3,1,5+,252m²,2025-09-05 19:42:48
https://sc.olx.com.br/florianopolis-e-regiao/imoveis/casas-e-oficinas-pre-fabricadas-1432190966,Casas e oficinas Pre fabricadas,R$ 375,3,2,2,90m²,2025-09-05 19:42:48
https://sc.olx.com.br/florianopolis-e-regiao/imoveis/casas-de-esquina-a-200-metros-da-lagoa-1432180835,Casas de esquina a 200 metros da lagoa,R$ 450.000,5+,2,2,140m²,2025-09-05 19:42:48
https://sc.olx.com.br/norte-de-santa-catarina/imoveis/casas-na-quinta-dos-acorianos-valor-abaixo-do-mercado-1432041415,Casas na Quinta dos Açorianos - Valor abaixo do mercado,R$ 260.000,2,1,2,60m²,2025-09-05 19:42:48
https://sc.olx.com.br/norte-de-santa-catarina/imoveis/venda-de-casas-alto-padrao-na-cidade-de-jaragua-do-sul-1432019671,Venda de Casas / Alto Padrão na cidade de Jaraguá do Sul,R$ 1.870.000,3,2,2,184m²,2025-09-05 19:42:48
https://sc.olx.com.br/norte-de-santa-catarina/imoveis/casas-itapoa-sc-1431876900,Casas Itapoá SC,R$ 359.000,3,1,1,70m²,2025-09-05 19:42:48
https://sc.olx.com.br/florianopolis-e-regiao/imoveis/casa-com-excelente-metragem-de-terreno-com-duas-casas-1431854314,Casa com excelente metragem de terreno com duas casas,R$ 860.000,2,,1,100m²,2025-09-05 19:42:48
https://sc.olx.com.br/norte-de-santa-catarina/imoveis/casas-moderna-em-itajai-1431852478,Casas Moderna em itajai,R$ 590.000,3,3,2,105m²,2025-09-05 19:42:48
https://sc.olx.com.br/florianopolis-e-regiao/imoveis/casas-duplex-de-2-quartos-a-600-metros-da-praia-dos-ingleses-1431851411,Casas duplex de 2 quartos à 600 metros da praia dos Ingleses,R$ 720.000,2,3,1,133m²,2025-09-05 19:42:48
https://sc.olx.com.br/florianopolis-e-regiao/imoveis/casas-nova-villa-toscana-com-2-quartos-palhoca-1431572775,Casas nova Villa Toscana com 2 Quartos Palhoça,R$ 350.000,2,1,2,50m²,2025-09-05 19:42:48
https://sc.olx.com.br/florianopolis-e-regiao/imoveis/casas-para-3-quarto-s-potecas-sao-jose-ca1832-1431556570,"Casas para , 3 quarto(s), Potecas, São José - CA1832",R$ 795.000,3,,2,100m²,2025-09-05 19:42:48
https://sc.olx.com.br/florianopolis-e-regiao/imoveis/vendo-casas-1431418204,Vendo casas,R$ 350.000,2,1,1,160m²,2025-09-05 19:42:48
https://sc.olx.com.br/norte-de-santa-catarina/imoveis/casas-de-pre-moldados-pronta-com-a-chave-na-mao-para-morar-1431255597,? CASAS DE PRÉ MOLDADOS PRONTA COM A CHAVE NA MÃO PARA MORAR! ?,R$ 49.560,2,1,1,42m²,2025-09-05 19:42:48
https://sc.olx.com.br/florianopolis-e-regiao/imoveis/casas-proximo-de-tudo-1423620190,Casas próximo de tudo,R$ 900.000,3,2,1,99m²,2025-09-05 19:42:48
https://sc.olx.com.br/norte-de-santa-catarina/imoveis/vende-casas-1430913310,Vende Casas.,R$ 420.000,2,1,2,200m²,2025-09-05 19:42:48
https://sc.olx.com.br/florianopolis-e-regiao/imoveis/casas-palhoca-1430883570,Casas Palhoça,R$ 350.000,2,1,2,50m²,2025-09-05 19:42:49
https://sc.olx.com.br/florianopolis-e-regiao/imoveis/vendo-duas-casas-mais-terreno-1430690229,Vendo duas casas mais terreno,R$ 900.000,4,2,5+,660m²,2025-09-05 19:42:49
https://sc.olx.com.br/florianopolis-e-regiao/imoveis/duas-casas-charmosas-na-praia-areias-claras-em-balneario-gaivota-no-mesmo-terreno-1430333603,Duas Casas Charmosas na Praia Areias Claras em Balneário Gaivota no mesmo terreno.,R$ 396.000,2,,2,312m²,2025-09-05 19:42:49
https://rj.olx.com.br/rio-de-janeiro-e-regiao/imoveis/vendo-duas-casas-1434602382,VENDO DUAS CASAS,R$ 260.000,4,3,1,150m²,2025-09-05 19:46:09
https://pb.olx.com.br/paraiba/imoveis/casas-com-piscina-a-venda-em-joao-pessoa-1434451046,Casas com piscina a venda em João Pessoa,R$ 289.900,3,2,3,120m²,2025-09-05 19:46:09
https://al.olx.com.br/alagoas/imoveis/duas-casas-espacosas-em-um-unico-terreno-na-pajucara-1417256194,Duas Casas Espaçosas em um Único Terreno na Pajuçara!,R$ 600.000,5+,,,3,2025-09-05 19:46:09
https://rj.olx.com.br/norte-do-estado-do-rio/imoveis/vende-se-duas-casas-independentes-em-campos-dos-goytacazes-1434501436,? Vende-se duas casas independentes em Campos dos Goytacazes.,R$ 240.000,3,2,1,144m²,2025-09-05 19:46:09
https://ce.olx.com.br/fortaleza-e-regiao/imoveis/excelentes-casas-com-3-quartos-atras-das-casas-freitas-da-av-washington-soares-cod-dt8-1434604467,"Excelentes Casas Com 3 Quartos, Atras Das Casas Freitas Da Av. Washington Soares! Cód. DT8",R$ 420.000,3,2,2,117m²,2025-09-05 19:46:09
https://ce.olx.com.br/fortaleza-e-regiao/imoveis/casas-duplex-na-pavuna-2-quartos-sendo-1-suite-cod-1nj9kfk-1434603549,Casas Duplex Na Pavuna  2 Quartos Sendo 1 Suíte! Cód. 1NJ9KFK,R$ 220.000,2,2,1,86m²,2025-09-05 19:46:09
https://ce.olx.com.br/fortaleza-e-regiao/imoveis/casas-duplex-em-condominio-a-800m-do-centro-da-pacatuba-cod-1rsbgc-1434603467,Casas Duplex Em Condomínio A 800M Do Centro Da Pacatuba! Cód. 1RSBGC,R$ 188.000,2,2,1,78m²,2025-09-05 19:46:09
https://ce.olx.com.br/fortaleza-e-regiao/imoveis/casas-duplex-de-altissimo-padrao-no-luzardo-viana-100-porcelanato-acabamento-fino-cod-1434602354,"Casas Duplex De Altissimo Padrão No Luzardo Viana, 100% Porcelanato Acabamento Fino! Cód.",R$ 420.000,3,3,2,131m²,2025-09-05 19:46:09
https://df.olx.com.br/distrito-federal-e-regiao/imoveis/casas-qnl14-1434599358,Casas qnl14,R$ 240.000,3,3,1,188m²,2025-09-05 19:46:09
https://pe.olx.com.br/grande-recife/imoveis/venda-de-casas-2-no-mesmo-terreno-1434588305,Venda de casas 2 no mesmo terreno,R$ 150,2,,1,70m²,2025-09-05 19:46:09
https://rj.olx.com.br/norte-do-estado-do-rio/imoveis/duas-casas-independentes-no-mesmo-terreno-bairro-pero-cabo-frio-1434582176,"Duas Casas Independentes no mesmo Terreno  Bairro Peró, Cabo Frio",R$ 650.000,4,2,3,125m²,2025-09-05 19:46:09
https://rj.olx.com.br/rio-de-janeiro-e-regiao/imoveis/casas-financiadas-laranjal-1434580356,Casas financiadas-Laranjal,R$ 170.000,1,1,1,30m²,2025-09-05 19:46:09
https://ce.olx.com.br/fortaleza-e-regiao/imoveis/casas-em-horizonte-ceara-entrada-zero-1434565600,Casas em Horizonte-ceara   Entrada Zero,R$ 500,2,2,1,80m²,2025-09-05 19:46:09
https://go.olx.com.br/grande-goiania-e-anapolis/imoveis/casas-triunfo-1-goianira-2-quartos-e-1-quarto-1417082896,Casas Triunfo 1 Goianira - 2 quartos e 1 quarto,R$ 245.000,3,3,2,120m²,2025-09-05 19:46:09
https://pr.olx.com.br/regiao-de-curitiba-e-paranagua/imoveis/casa-residencial-comercial-bairro-santa-quiteria-terreno-com-duas-casas-imovel-de-es-1434578789,Casa residencial/Comercial - Bairro Santa Quitéria - terreno com duas casas - Imóvel de es,R$ 860.000,5+,4,3,302m²,2025-09-05 19:46:09
https://go.olx.com.br/grande-goiania-e-anapolis/imoveis/casas-a-venda-setor-ipanema-santo-antonio-de-goias-go-1434577436,"Casas à Venda - Setor Ipanema, Santo Antônio de Goiás/GO",R$ 235.000,2,1,2,125m²,2025-09-05 19:46:09
https://ce.olx.com.br/fortaleza-e-regiao/imoveis/casas-com-lote-de-esquina-no-terras-alphaville-em-cidade-alpha-eusebio-ce-1414437691,Casas com lote de esquina no Terras Alphaville  em Cidade Alpha - Eusébio - CE,R$ 2.190.000,4,4,4,316m²,2025-09-05 19:46:09
https://sp.olx.com.br/vale-do-paraiba-e-litoral-norte/imoveis/vendo-duas-casas-em-um-terreno-aceito-permuta-com-imovel-terreno-em-ubatuba-1434486973,Vendo duas casas em um terreno/ aceito permuta com imóvel/ terreno em ubatuba,R$ 320.000,2,,2,3,2025-09-05 19:46:09
https://go.olx.com.br/grande-goiania-e-anapolis/imoveis/casas-para-financiar-em-santo-antonio-de-goias-1434573166,Casas para financiar em Santo António de Goiás,R$ 1.550,2,1,3,360m²,2025-09-05 19:46:09
https://go.olx.com.br/grande-goiania-e-anapolis/imoveis/casas-vila-sao-francisco-setor-fama-goiania-go-1433642409,"Casas Vila São Francisco (Setor Fama), Goiânia-GO",R$ 680.000,5+,3,3,378m²,2025-09-05 19:46:09
https://es.olx.com.br/norte-do-espirito-santo/imoveis/casas-lineares-em-sao-francisco-3-quartos-com-suite-hs-1434566279,Casas lineares em São Francisco 3 quartos com suíte HS,R$ 450.000,3,3,2,84m²,2025-09-05 19:46:09
https://es.olx.com.br/norte-do-espirito-santo/imoveis/casas-duplex-com-quintal-em-macafe-fs-1434565787,Casas duplex com quintal em Macafé FS,R$ 300.000,2,2,1,70m²,2025-09-05 19:46:09
https://sp.olx.com.br/regiao-de-ribeirao-preto/imoveis/venda-de-casas-padrao-na-cidade-de-matao-1434565626,Venda de Casas / Padrão na cidade de Matão,R$ 650.000,3,2,3,154m²,2025-09-05 19:46:09
https://rn.olx.com.br/rio-grande-do-norte/imoveis/casas-altissimo-padrao-100-mobiliada-sao-miguel-do-gostoso-rn-1434565467,Casas Altíssimo Padrão! 100% Mobiliada - São Miguel do Gostoso - RN,R$ 1.170.000,3,,4,153m²,2025-09-05 19:46:09
https://ba.olx.com.br/grande-salvador/imoveis/aluguel-de-casas-e-apartamentos-1372751057,Aluguel de casas e apartamentos,R$ 425,1,,,,2025-09-05 19:46:09
https://rj.olx.com.br/rio-de-janeiro-e-regiao/imoveis/casas-com-1-quarto-em-sacramento-sao-goncalo-rj-1434563149,Casas com 1 quarto em Sacramento - São Gonçalo - RJ,R$ 220.000,1,,1,35m²,2025-09-05 19:46:09
https://pi.olx.com.br/regiao-de-teresina-e-parnaiba/imoveis/alugamos-casas-em-timon-ma-com-2-3-e-4-quartos-1434562174,"Alugamos Casas em Timon-Ma com 2, 3 e 4 Quartos",,3,2,3,143m²,2025-09-05 19:46:09
https://rj.olx.com.br/rio-de-janeiro-e-regiao/imoveis/duas-casas-no-preventorio-1434561442,Duas casas no preventório,R$ 200.000,2,,,2,2025-09-05 19:46:09
https://rj.olx.com.br/rio-de-janeiro-e-regiao/imoveis/casas-com-1-quarto-em-coelho-sao-goncalo-rj-1434559195,Casas com 1 quarto em Coelho - São Gonçalo - RJ,R$ 155.000,1,,1,30m²,2025-09-05 19:46:09
https://go.olx.com.br/grande-goiania-e-anapolis/imoveis/duas-casas-uma-de-3-4-e-outra-de-2-4-tudo-dividido-1434480817,Duas casas uma de 3/4 e outra de 2/4 tudo dividido,R$ 350.000,3,3,3,400m²,2025-09-05 19:46:09
https://sp.olx.com.br/sao-paulo-e-regiao/imoveis/casas-ao-lado-do-terminal-a-e-carvalho-1433677127,Casas ao Lado do Terminal A.E.Carvalho,R$ 270.000,4,2,1,135m²,2025-09-05 19:46:09
https://pa.olx.com.br/regiao-de-santarem/imoveis/casas-de-2-e-3-quartos-2-vagas-de-garage-condominio-quinta-da-floresta-1434468320,Casas de 2 e 3 quartos - 2 vagas de garage - Condomínio Quinta da Floresta,R$ 323.500,2,2,2,69m²,2025-09-05 19:46:09
https://mg.olx.com.br/regiao-de-juiz-de-fora/imoveis/duas-casas-triplex-geminadas-prontas-para-morar-no-aeroporto-1434551444,Duas casas triplex geminadas prontas para morar no Aeroporto!,R$ 920.000,3,2,2,235m²,2025-09-05 19:46:09
https://ce.olx.com.br/fortaleza-e-regiao/imoveis/casas-duplex-3-e-4-suites-em-condominio-clube-lancamento-exclusivo-1428079947,Casas Duplex 3 e 4 Suítes em Condomínio Clube  Lançamento Exclusivo,R$ 769.000,3,4,2,125m²,2025-09-05 19:46:09
https://ce.olx.com.br/fortaleza-e-regiao/imoveis/casas-terreas-com-3-suites-e-terrenos-a-partir-de-198m-acabamento-de-primeira-1418928635,Casas Térreas com 3 Suítes e Terrenos a partir de 198m²  Acabamento de Primeira,R$ 450.000,3,3,2,115m²,2025-09-05 19:46:09
https://ce.olx.com.br/fortaleza-e-regiao/imoveis/lindas-casas-planas-a-6-minutos-do-centro-de-eusebio-1383982053,Lindas casas planas a 6 minutos do Centro de Eusébio,R$ 385.000,3,3,2,84m²,2025-09-05 19:46:09
https://mg.olx.com.br/belo-horizonte-e-regiao/imoveis/casas-novas-2-quartos-com-area-privativa-e-2-vagas-jardim-leblon-bh-ca3572-1434550937,"Casas Novas 2 Quartos com Área Privativa e 2 Vagas  Jardim Leblon, BH - CA3572",R$ 439.000,2,2,2,58m²,2025-09-05 19:46:09
https://mg.olx.com.br/belo-horizonte-e-regiao/imoveis/casas-novas-2-quartos-com-area-privativa-e-2-vagas-jardim-leblon-bh-ca3571-1434550361,"Casas Novas 2 Quartos com Área Privativa e 2 Vagas  Jardim Leblon, BH - CA3571",R$ 449.000,2,2,2,58m²,2025-09-05 19:46:09
https://sp.olx.com.br/regiao-de-sorocaba/imoveis/casas-sorocaba-sp-1434549793,Casas SOROCABA - SP,R$ 1.565,1,1,4,120m²,2025-09-05 19:46:09
https://sp.olx.com.br/regiao-de-sorocaba/imoveis/casas-na-planta-em-tatui-sp-1434548907,Casas na planta em tatuí sp,R$ 184.900,2,1,2,46m²,2025-09-05 19:46:09
https://mg.olx.com.br/regiao-de-uberlandia-e-uberaba/imoveis/linda-casa-a-venda-no-condominio-casas-alto-paradiso-1434548842,Linda Casa a venda no condomínio Casas Alto Paradiso,R$ 695.000,3,3,2,83m²,2025-09-05 19:46:09
https://mg.olx.com.br/belo-horizonte-e-regiao/imoveis/casas-em-betim-aceita-financiamento-bancario-1434546843,Casas em Betim. Aceita Financiamento Bancário!,R$ 580.000,3,2,1,80m²,2025-09-05 19:46:09
https://sp.olx.com.br/sao-paulo-e-regiao/imoveis/casas-e-aptos-novos-em-cotia-osasco-e-sao-paulo-1434545256,"Casas e Aptos Novos Em Cotia, Osasco e São Paulo",R$ 10.000,2,2,2,50m²,2025-09-05 19:46:09
https://sp.olx.com.br/sao-paulo-e-regiao/imoveis/casas-antigas-a-venda-no-tucuruvi-1434543267,Casas antigas a venda no Tucuruvi,R$ 1.275.000,1,,1,410m²,2025-09-05 19:46:09
https://mg.olx.com.br/regiao-de-pocos-de-caldas-e-varginha/imoveis/casas-de-oportunidade-no-bairro-jardim-do-contorno-somente-r-260-000-00-1383906007,"Casas de oportunidade no bairro Jardim do Contorno, somente R$ 260.000,00",R$ 260.000,2,2,1,66m²,2025-09-05 19:46:09
https://rj.olx.com.br/rio-de-janeiro-e-regiao/imoveis/vendo-casas-2-quartos-com-suite-e-vaga-dentro-de-condominio-em-marica-localizacao-privile-1434542216,Vendo Casas 2 quartos com suite e vaga dentro de condomínio em Maricá. Localização Privile,R$ 268.000,2,2,1,51m²,2025-09-05 19:46:09
https://go.olx.com.br/grande-goiania-e-anapolis/imoveis/casas-carolina-parque-3-casas-oportunidade-1430265191,Casas Carolina Parque (3 casas) OPORTUNIDADE!,R$ 417.000,2,1,5+,180m²,2025-09-05 19:46:09
https://sp.olx.com.br/sao-paulo-e-regiao/imoveis/casa-terrea-lote-terreno-a-venda-na-vila-zelina-com-2-casas-15-x-20-otimo-para-investi-1162467284,"Casa térrea, lote terreno, a venda na Vila Zelina, com 2 casas, 15 x 20 ótimo para investi",R$ 800.000,5+,4,2,300m²,2025-09-05 19:46:09
https://pe.olx.com.br/grande-recife/imoveis/casas-duplex-em-aldeia-so-300m-do-centro-comercial-de-aldeia-financia-1427968695,"casas duplex em Aldeia, so 300m do centro comercial de Aldeia, financia.",R$ 300.000,3,4,1,75m²,2025-09-05 19:46:09
https://sp.olx.com.br/sao-paulo-e-regiao/imoveis/casas-e-condominios-prontos-na-vila-carrao-vila-formosa-penha-tatuape-itaquera-e-regiao-1433660683,"Casas e condomínios prontos na Vila Carrão, Vila Formosa, Penha, Tatuapé Itaquera e região",R$ 177.000,2,,1,1,2025-09-05 19:46:09
https://pr.olx.com.br/regiao-de-londrina/imoveis/casa-royal-golf-exclusiva-1433648948,CASA ROYAL GOLF - EXCLUSIVA,R$ 19.000.000,4,5+,4,750m²,2025-09-05 20:11:57
https://sp.olx.com.br/sao-paulo-e-regiao/imoveis/mansao-resort-com-cinema-e-raia-semi-olimpica-bar-molhado-balada-4-suites-masters-1417680245,MANSAO RESORT COM CINEMA E RAIA SEMI OLIMPICA ! BAR MOLHADO ! BALADA! 4 SUITES MASTERS !,R$ 17.000.000,4,5+,5+,800m²,2025-09-05 20:11:57
https://pr.olx.com.br/regiao-de-francisco-beltrao-e-pato-branco/terrenos/fazenda-de-gado-na-argentina-bernardo-de-irigoyen-divisa-com-santa-catarina-e-parana-1430897434,"Fazenda de gado na Argentina, Bernardo de Irigoyen, divisa com Santa Catarina e Paraná",R$ 16.200.000,21000000m²,,,,2025-09-05 20:11:57
https://sp.olx.com.br/vale-do-paraiba-e-litoral-norte/imoveis/casa-na-praia-grande-12-lofts-4-suites-1-cobertura-1-restaurante-1398532166,"Casa na praia grande 12 lofts, 4 suites.1.cobertura ,.1 restaurante",R$ 15.000.000,5+,5+,5+,1500m²,2025-09-05 20:11:57
https://df.olx.com.br/distrito-federal-e-regiao/terrenos/fazenda-sucupira-chacara-15mil-metros-posso-em-2mil-5mil-ac-carro-e-imovel-200m-d-1421694512,"FAZENDA SUCUPIRA, CHÁCARA 15MIL METROS, , POSSO ÷ EM 2MIL, 5MIL, AC CARRO E IMÓVEL, 200M D",R$ 2.000.000.000,15000m²,,,,2025-09-05 20:11:57
https://sp.olx.com.br/vale-do-paraiba-e-litoral-norte/terrenos/rd-si0005-imovel-para-aluguel-e-venda-possui-300m-5-km-da-dutra-bairro-quinta-das-fruta-1359410969,"RD-SI0005 Imóvel para aluguel e venda possui 300M², 5 km da dutra, bairro QUINTA DAS FRUTA",R$ 1.950.000.000,300m²,,,,2025-09-05 20:11:57
https://pe.olx.com.br/grande-recife/terrenos/chacara-sitio-para-venda-tem-5000-metros-quadrados-com-3-quartos-km-4-5-aldeia-camara-1400721671,"Chácara - Sítio para venda tem 5000 metros quadrados com 3 quartos Km 4,5  Aldeia - Camara",R$ 1.900.000.000,5700m²,,,,2025-09-05 20:11:57
https://pr.olx.com.br/regiao-de-curitiba-e-paranagua/terrenos/imovel-para-venda-com-512-metros-quadrados-com-1-quarto-em-bigorrilho-curitiba-pr-1428505465,Imóvel para venda com 512 metros quadrados com 1 quarto em Bigorrilho - Curitiba - PR,R$ 1.690.000.000,512m²,,,,2025-09-05 20:11:57
https://sp.olx.com.br/sao-paulo-e-regiao/terrenos/terreno-a-venda-360-m-por-r-1-600-000-00-aclimacao-sao-paulo-sp-1008672887,"Terreno à venda, 360 m² por R$ 1.600.000,00 - Aclimação - São Paulo/SP",R$ 1.650.000.000,360m²,,,,2025-09-05 20:11:57
https://sp.olx.com.br/sao-paulo-e-regiao/terrenos/venda-linda-casa-de-campo-em-mogi-das-cruzes-viva-com-qualidade-conforto-e-espaco-1422111612,"VENDA LINDA Casa de Campo em Mogi das Cruzes  Viva com qualidade, conforto e espaço!",R$ 1.600.000.000,800m²,,,,2025-09-05 20:11:57
https://go.olx.com.br/grande-goiania-e-anapolis/terrenos/lote-plateau-dor-unique-1416300322,Lote Plateau Dor Unique,R$ 1.529.000.000,681m²,,,,2025-09-05 20:11:57
https://pb.olx.com.br/paraiba/terrenos/patos-pb-area-40-ha-permuta-a-350m-do-atacadao-1394955407,Patos/PB - Área 40 ha - Permuta - A 350m do Atacadão,R$ 1.500.000.000,400000m²,,,,2025-09-05 20:11:57
https://mt.olx.com.br/regiao-de-rondonopolis-e-sinop/terrenos/fazenda-a-venda-320000-m-por-r-1-400-000-000-00-zona-rural-cocalinho-mt-1316600359,"Fazenda à venda, 320000 m² por R$ 1.400.000.000,00 - Zona Rural - Cocalinho/MT",R$ 1.400.000.000,320000m²,,,,2025-09-05 20:11:57
https://sp.olx.com.br/vale-do-paraiba-e-litoral-norte/terrenos/fazenda-sitio-chacara-para-venda-com-8500-metros-quadrados-com-3-quartos-1195281440,Fazenda/Sítio/Chácara para venda com 8500 metros quadrados com 3 quartos,R$ 1.400.000.000,8500m²,,,,2025-09-05 20:11:57
https://mg.olx.com.br/belo-horizonte-e-regiao/terrenos/lote-comercial-de-esquina-no-b-santa-monica-1306448166,Lote Comercial de Esquina no B Santa Mônica,R$ 1.399.000.000,402m²,,,,2025-09-05 20:11:57
https://sp.olx.com.br/grande-campinas/terrenos/chacara-com-4-dormitorios-a-venda-2100-m-por-r-1-400-000-00-caixa-d-agua-vinhedo-sp-1405593150,"Chácara com 4 dormitórios à venda, 2100 m² por R$ 1.400.000,00 - Caixa D´água - Vinhedo/SP",R$ 1.390.000.000,2100m²,,,,2025-09-05 20:11:57
https://sp.olx.com.br/sao-paulo-e-regiao/terrenos/lote-de-653-66-m-no-alphaville-jundiai-condominio-com-lazer-completo-1295358253,"Lote de 653,66 m² no Alphaville Jundiaí, condomínio com lazer completo.",R$ 1.386.480.000,653m²,,,,2025-09-05 20:11:57
https://sp.olx.com.br/grande-campinas/terrenos/fazenda-a-venda-na-regiao-de-casa-branca-sp-1331393534,Fazenda à Venda na Região de Casa Branca - SP,R$ 1.320.000.000,100m²,,,,2025-09-05 20:11:57
https://sp.olx.com.br/regiao-de-sorocaba/terrenos/imovel-para-venda-possui-1470-metros-quadrados-com-3-quartos-em-cocais-ibiuna-sp-1430981219,Imóvel para venda possui 1470 metros quadrados com 3 quartos em Cocais - Ibiúna - SP,R$ 1.320.000.000,1470m²,,,,2025-09-05 20:11:57
https://mt.olx.com.br/regiao-de-rondonopolis-e-sinop/terrenos/fazenda-a-venda-156300-m-por-r-1-250-000-000-00-zoa-rural-ipiranga-do-norte-mt-1316862478,"Fazenda à venda, 156300 m² por R$ 1.250.000.000,00 - Zoa Rural - Ipiranga do Norte/MT",R$ 1.250.000.000,156300m²,,,,2025-09-05 20:11:57
https://sp.olx.com.br/sao-paulo-e-regiao/terrenos/chacara-casa-com-4-quartos-a-venda-em-cotia-1395819178,Chácara / Casa com 4 quartos à venda em Cotia,R$ 1.200.000.000,320m²,,,,2025-09-05 20:11:57
https://mt.olx.com.br/regiao-de-rondonopolis-e-sinop/terrenos/fazenda-de-42-891-mil-hectares-dupla-aptidao-na-regiao-da-cidade-de-sinop-mt-1415271007,Fazenda de 42.891 mil hectares dupla aptidão na região da cidade de Sinop MT,R$ 1.200.000.000,1500m²,,,,2025-09-05 20:11:57
https://sp.olx.com.br/sao-paulo-e-regiao/terrenos/excelente-oportunidade-comercial-na-rota-do-vinho-de-sao-roque-1401625700,EXCELENTE OPORTUNIDADE COMERCIAL NA ROTA DO VINHO DE SÃO ROQUE!,R$ 1.200.000.000,2000m²,,,,2025-09-05 20:11:57
https://rn.olx.com.br/rio-grande-do-norte/terrenos/area-a-venda-com-9-500-m-por-r-1-200-000-000-bairro-campinas-macaiba-rn-proximo-br-940502676,Área à Venda com 9.500 m² por R$ 1.200.000.000 - Bairro Campinas - Macaíba/RN próximo BR,R$ 1.200.000.000,8600m²,,,,2025-09-05 20:11:57
https://sp.olx.com.br/sao-paulo-e-regiao/terrenos/chacara-em-condominio-a-venda-1424202569,Chácara em condomínio à venda,R$ 1.150.000.000,247m²,,,,2025-09-05 20:11:57
https://mg.olx.com.br/regiao-de-pocos-de-caldas-e-varginha/terrenos/fazenda-com-19-alqueires-com-casa-sede-cristina-minas-gerais-1370720414,"fazenda com 19 alqueires  com casa sede , Cristina  Minas Gerais",R$ 1.100.000.000,24871538m²,,,,2025-09-05 20:11:57
https://go.olx.com.br/grande-goiania-e-anapolis/terrenos/vende-chacara-em-bela-vista-de-1-5-alqueire-1319388262,"Vende chacará em Bela Vista de 1,5 Alqueire",R$ 1.100.000.000,726m²,,,,2025-09-05 20:11:57
https://sp.olx.com.br/regiao-de-sorocaba/terrenos/sitio-para-venda-em-centro-tapirai-sp-1064322986,Sítio para Venda em Centro Tapiraí-SP,R$ 1.100.000.000,266200m²,,,,2025-09-05 20:11:57
https://df.olx.com.br/distrito-federal-e-regiao/terrenos/casa-de-condominio-para-venda-com-892-metros-quadrados-em-paranoa-brasilia-df-1382303692,Casa de condomínio para venda com 892 metros quadrados em Paranoá - Brasília - DF,R$ 1.059.000.000,892m²,,,,2025-09-05 20:11:57
https://ma.olx.com.br/regiao-de-imperatriz-e-caxias/terrenos/fazenda-a-venda-300000000-m-por-r-999-999-999-zona-rural-balsas-ma-1429436698,"Fazenda à venda, 300000000 m² por R$ 999.999.999 - Zona Rural - Balsas/MA",R$ 1.000.000.000,300000000m²,,,,2025-09-05 20:11:57
https://ms.olx.com.br/mato-grosso-do-sul/terrenos/imovel-para-venda-tem-70-metros-quadrados-com-2-quartos-em-zona-rural-rochedo-ms-1428068473,Imóvel para venda tem 70 metros quadrados com 2 quartos em Zona Rural - Rochedo - MS,R$ 1.000.000.000,100m²,,,,2025-09-05 20:11:57
https://mt.olx.com.br/regiao-de-rondonopolis-e-sinop/terrenos/fazenda-a-venda-90000-m-por-r-1-000-000-000-00-zona-rural-nova-ubirata-mt-1316863554,"Fazenda à venda, 90000 m² por R$ 1.000.000.000,00 - Zona Rural - Nova Ubiratã/MT",R$ 1.000.000.000,90000m²,,,,2025-09-05 20:11:57
https://mg.olx.com.br/belo-horizonte-e-regiao/terrenos/sitio-a-venda-em-florestal-mg-regiao-do-catatau-1404058289,Sítio à Venda em Florestal/MG  Região do Catatau!,R$ 980.000.000,144000m²,,,,2025-09-05 20:11:57
https://go.olx.com.br/regiao-de-rio-verde-e-caldas-novas/terrenos/fazenda-a-venda-por-r-950-000-000-zona-rural-adelandia-go-1316862366,"Fazenda à venda, por R$ 950.000.000 - Zona Rural - Adelândia/GO",R$ 950.000.000,96800m²,,,,2025-09-05 20:11:57
https://sp.olx.com.br/vale-do-paraiba-e-litoral-norte/terrenos/sitio-para-venda-possui-87-000metros-quadrados-casa-simples-1290195170,"Sítio para venda possui 87.000metros quadrados, casa simples.",R$ 900.000.000,87000000m²,,,,2025-09-05 20:11:57
https://sp.olx.com.br/sao-paulo-e-regiao/terrenos/chacara-nova-no-condominio-barcelona-conforto-lazer-e-qualidade-de-vida-1398283970,"Chácara Nova no Condomínio Barcelona  Conforto, Lazer e Qualidade de Vida!",R$ 900.000.000,300m²,,,,2025-09-05 20:11:57
https://sp.olx.com.br/sao-paulo-e-regiao/terrenos/terreno-para-venda-1250411423,Terreno para venda,R$ 900.000.000,110m²,,,,2025-09-05 20:11:57
https://sc.olx.com.br/norte-de-santa-catarina/terrenos/casa-de-condominio-para-venda-tem-371-metros-quadrados-em-santa-regina-camboriu-sc-1406453842,Casa de condomínio para venda tem 371 metros quadrados em Santa Regina - Camboriú - SC,R$ 890.000.000,371m²,,,,2025-09-05 20:11:57
https://sp.olx.com.br/regiao-de-sorocaba/terrenos/terreno-a-venda-residencial-saint-charbel-1416526838,Terreno à venda - Residencial Saint Charbel,R$ 888.050.000,1616m²,,,,2025-09-05 20:11:57
https://pr.olx.com.br/regiao-de-curitiba-e-paranagua/terrenos/lote-terreno-para-venda-com-600-metros-quadrados-em-cajuru-curitiba-pr-1293690666,Lote/Terreno para venda com 600 metros quadrados em Cajuru - Curitiba - PR,R$ 870.000.000,600m²,,,,2025-09-05 20:11:57
https://mt.olx.com.br/regiao-de-rondonopolis-e-sinop/terrenos/fazenda-a-venda-m-por-r-850-000-000-zona-rural-agua-boa-mt-1430471211,"Fazenda à venda,  m² por R$ 850.000.000 - Zona Rural - Água Boa/MT",R$ 850.000.000,93500000m²,,,,2025-09-05 20:11:57
https://sp.olx.com.br/regiao-de-presidente-prudente/terrenos/fazenda-a-venda-m-por-r-850-000-000-00-area-rural-de-presidente-prudente-president-1427073835,"Fazenda à venda,  m² por R$ 850.000.000,00 - Área Rural de Presidente Prudente - President",R$ 850.000.000,10m²,,,,2025-09-05 20:11:57
https://sp.olx.com.br/sao-paulo-e-regiao/terrenos/venda-de-rural-chacara-em-condominio-na-cidade-de-sao-roque-1432827171,Venda de Rural / Chácara em condomínio na cidade de São Roque,R$ 849.000.000,321m²,,,,2025-09-05 20:11:57
https://sp.olx.com.br/regiao-de-sao-jose-do-rio-preto/terrenos/atencao-investidores-fazenda-418-alqueires-em-cana-sta-albertina-r-grande-1427008120,Atenção investidores fazenda 418 alqueires em cana Sta Albertina R.Grande,R$ 836.000.000,10115600m²,,,,2025-09-05 20:11:57
https://sp.olx.com.br/regiao-de-sorocaba/terrenos/terreno-a-venda-residencial-saint-charbel-1416522157,Terreno à venda - Residencial Saint Charbel,R$ 809.100.000,1471m²,,,,2025-09-05 20:11:57
https://mt.olx.com.br/regiao-de-rondonopolis-e-sinop/terrenos/fazenda-27-000-hectares-casa-sede-curral-para-manejo-de-animais-bom-jesus-do-araguaia-1348583623,"FAZENDA (27.000 hectares), CASA SEDE, CURRAL PARA MANEJO DE ANIMAIS. BOM JESUS DO ARAGUAIA",R$ 800.000.000,520m²,,,,2025-09-05 20:11:57
https://sc.olx.com.br/florianopolis-e-regiao/terrenos/exclusividade-sbi-terreno-a-venda-no-bairro-corrego-grande-1428024125,Exclusividade SBI! Terreno à venda no bairro Córrego Grande,R$ 780.000.000,534m²,,,,2025-09-05 20:11:57
https://pr.olx.com.br/regiao-de-londrina/terrenos/chacara-com-3-dormitorios-a-venda-3000-m-por-r-550-000-00-rui-barbosa-londrina-pr-1396528011,"Chácara com 3 dormitórios à venda, 3000 m² por R$ 550.000,00 - Rui Barbosa - Londrina/PR",R$ 750.000.000,200m²,,,,2025-09-05 20:11:57
https://sp.olx.com.br/sao-paulo-e-regiao/terrenos/fazenda-top-de-2-044-alqueres-4-905-60-hectares-no-estado-de-sao-paulo-sp-1382475952,"fazenda top de 2.044 alqueres (4.905,60 hectares), no estado de São Paulo SP",R$ 750.000.000,780m²,,,,2025-09-05 20:11:57
https://to.olx.com.br/tocantins/terrenos/fazenda-sitio-chacara-para-venda-com-406000000-metros-quadrados-em-zona-rural-pium-to-1241188578,Fazenda/Sítio/Chácara para venda com 406000000 metros quadrados em Zona Rural - Pium - TO,R$ 702.380.000,406000000m²,,,,2025-09-05 20:11:57
